sex,historydiabetes,egfrbaseline
0,0,104.47183098591549
0,1,95.45555555555556
1,0,100.02761194029851
1,1,90.03103448275863
